Channel,Cs137,A,B,C
0,0,0,0,0
1,0,0,0,0
2,0,0,0,0
3,0,0,0,0
4,0,0,0,0
5,0,0,0,0
6,0,0,0,0
7,0,0,0,0
8,0,0,0,0
9,0,0,0,0
10,0,0,0,0
11,0,0,0,0
12,0,0,0,0
13,0,0,0,0
14,0,0,0,0
15,0,0,0,0
16,0,0,0,0
17,0,0,0,0
18,0,0,0,0
19,0,0,0,0
20,0,0,0,0
21,0,0,0,0
22,0,0,0,0
23,0,0,0,0
24,0,0,0,0
25,0,0,0,0
26,0,0,0,0
27,0,0,0,0
28,0,0,0,0
29,0,0,0,0
30,0,0,0,0
31,0,0,0,0
32,0,0,0,0
33,0,0,0,0
34,0,0,0,0
35,0,0,0,0
36,0,0,0,0
37,0,0,0,1
38,0,0,0,0
39,0,0,0,0
40,0,0,0,0
41,0,0,0,1
42,0,0,0,0
43,0,0,0,1
44,0,0,0,0
45,1,0,0,1
46,0,0,0,3
47,0,1,0,1
48,2,0,0,1
49,1,0,0,5
50,1,0,0,3
51,1,0,0,1
52,1,0,0,3
53,0,0,0,4
54,0,0,0,5
55,1,0,0,10
56,2,0,0,4
57,1,0,0,6
58,2,0,0,8
59,8,0,0,10
60,5,0,0,9
61,6,0,0,12
62,13,0,0,21
63,7,1,0,16
64,8,0,0,19
65,12,1,0,30
66,17,0,0,31
67,16,1,0,34
68,21,1,0,41
69,30,0,0,62
70,186,13,3,494
71,776,145,58,1991
72,1112,175,66,2945
73,1199,178,87,3062
74,1168,206,78,3110
75,1158,213,70,3152
76,1128,183,84,3161
77,1149,219,89,3190
78,1130,205,79,3266
79,1011,188,102,3381
80,988,216,87,3321
81,962,209,92,3334
82,1048,188,86,3242
83,1033,225,75,3531
84,956,200,75,3318
85,981,236,90,3397
86,918,198,93,3389
87,999,217,77,3340
88,1024,223,95,3463
89,933,204,115,3322
90,879,244,92,3434
91,971,205,78,3421
92,925,225,73,3313
93,939,225,96,3415
94,901,194,89,3302
95,939,224,76,3298
96,916,197,80,3229
97,910,216,79,3219
98,860,194,62,3174
99,905,193,60,3128
100,864,199,82,3005
101,859,189,87,3083
102,851,205,75,3118
103,799,198,84,3083
104,816,162,58,3035
105,812,206,73,2946
106,785,193,74,2915
107,811,179,92,2997
108,774,191,62,2862
109,811,181,70,2791
110,729,170,69,2905
111,805,167,66,2798
112,802,163,75,2820
113,786,181,79,2803
114,752,177,69,2788
115,819,185,65,2746
116,756,166,74,2721
117,736,189,61,2736
118,774,170,63,2733
119,775,164,72,2709
120,681,189,66,2658
121,736,176,59,2659
122,708,157,66,2672
123,714,150,69,2699
124,734,179,70,2638
125,698,167,55,2529
126,746,154,68,2686
127,754,161,70,2602
128,716,151,67,2605
129,747,152,51,2649
130,710,156,64,2574
131,709,152,65,2603
132,690,160,63,2777
133,708,183,74,2614
134,719,167,46,2657
135,678,141,69,2681
136,709,157,57,2554
137,712,185,70,2665
138,727,156,74,2650
139,683,176,78,2560
140,696,144,71,2536
141,702,167,50,2550
142,746,173,67,2603
143,655,174,66,2478
144,653,192,67,2605
145,737,144,55,2612
146,711,154,55,2650
147,728,193,60,2561
148,744,162,58,2562
149,730,177,65,2578
150,749,186,72,2614
151,715,158,55,2640
152,713,165,56,2543
153,688,167,60,2582
154,722,150,64,2583
155,707,147,65,2673
156,700,143,63,2572
157,726,163,57,2626
158,727,181,64,2570
159,741,150,71,2631
160,728,158,58,2564
161,732,154,71,2568
162,686,161,71,2592
163,702,174,65,2688
164,681,146,65,2566
165,729,150,70,2656
166,694,141,65,2648
167,720,156,71,2699
168,698,150,53,2668
169,712,189,67,2706
170,680,144,57,2599
171,703,157,54,2694
172,752,157,59,2635
173,764,171,59,2765
174,738,148,75,2687
175,724,163,67,2692
176,735,160,71,2737
177,728,176,73,2729
178,749,151,79,2781
179,758,164,63,2784
180,715,189,72,2776
181,717,187,52,2724
182,754,153,61,2774
183,763,179,63,2755
184,682,190,62,2908
185,729,164,64,2886
186,711,166,66,2935
187,735,163,56,2892
188,737,145,72,2936
189,753,164,60,3039
190,753,166,71,3053
191,739,180,52,2976
192,735,169,67,2992
193,744,153,56,3151
194,769,156,62,3127
195,794,176,54,3184
196,748,167,62,3060
197,759,151,60,3138
198,745,156,55,3154
199,811,177,63,3211
200,769,155,67,3161
201,821,169,59,3289
202,809,154,53,3228
203,805,159,61,3404
204,813,155,66,3266
205,833,190,69,3353
206,850,167,62,3331
207,809,169,54,3346
208,849,162,68,3482
209,889,176,73,3505
210,882,176,71,3522
211,890,178,68,3396
212,889,165,82,3515
213,880,192,49,3586
214,942,167,75,3609
215,945,171,69,3535
216,907,161,60,3675
217,850,194,79,3583
218,921,163,75,3516
219,939,163,76,3562
220,928,180,86,3554
221,972,174,65,3591
222,989,214,74,3517
223,941,179,80,3691
224,986,163,84,3577
225,1001,180,86,3567
226,983,188,73,3561
227,931,187,77,3510
228,1005,196,83,3445
229,986,162,66,3669
230,995,181,76,3546
231,1015,177,78,3475
232,1119,210,78,3456
233,1039,193,79,3488
234,1034,194,75,3448
235,1074,186,89,3532
236,1042,193,84,3473
237,1036,188,85,3446
238,1030,196,86,3481
239,1041,201,87,3420
240,1071,185,95,3361
241,955,197,90,3475
242,1086,189,95,3333
243,1026,191,81,3410
244,982,219,81,3358
245,1041,195,90,3333
246,1032,237,64,3323
247,999,198,88,3358
248,1031,217,97,3419
249,963,227,86,3488
250,1006,220,69,3333
251,1026,206,91,3407
252,967,221,87,3321
253,1023,247,84,3223
254,997,247,93,3278
255,922,214,79,3183
256,1024,220,78,3276
257,950,220,78,3213
258,953,202,92,3218
259,923,224,96,3237
260,918,232,91,3255
261,973,257,92,3151
262,915,213,85,3183
263,950,265,82,3109
264,937,240,72,3105
265,940,220,86,3197
266,938,226,73,3204
267,931,197,80,3131
268,957,229,76,3004
269,917,210,83,3156
270,861,228,64,2985
271,913,244,83,3132
272,908,244,84,2946
273,881,218,82,3032
274,972,224,87,2978
275,892,237,79,2932
276,866,249,75,3056
277,908,248,72,3019
278,934,217,78,2958
279,900,242,87,2963
280,846,214,64,2916
281,889,244,83,2952
282,835,228,96,3025
283,891,215,70,2900
284,790,228,83,2845
285,869,223,69,2880
286,857,222,79,2899
287,830,251,83,2871
288,866,203,77,2835
289,801,227,60,2785
290,826,210,70,2748
291,770,221,65,2767
292,792,206,73,2626
293,777,231,79,2753
294,767,214,76,2711
295,787,230,81,2803
296,755,227,71,2674
297,818,197,54,2695
298,802,222,54,2590
299,738,226,69,2646
300,804,201,69,2655
301,810,220,64,2660
302,714,216,69,2646
303,758,219,56,2665
304,752,215,66,2680
305,808,226,72,2635
306,686,212,62,2588
307,755,201,56,2677
308,779,189,64,2567
309,728,209,72,2580
310,766,214,78,2601
311,738,186,54,2541
312,728,187,83,2579
313,724,193,50,2602
314,749,204,56,2536
315,727,201,53,2587
316,716,169,72,2597
317,687,184,45,2554
318,724,189,63,2428
319,688,195,55,2515
320,720,181,54,2508
321,715,202,68,2485
322,689,177,50,2439
323,733,178,54,2566
324,669,176,72,2392
325,701,198,60,2545
326,647,187,65,2460
327,679,162,69,2523
328,656,159,55,2472
329,707,206,57,2446
330,685,158,45,2463
331,661,174,48,2391
332,681,190,56,2439
333,670,184,68,2460
334,687,153,50,2443
335,661,164,63,2404
336,651,169,54,2413
337,652,170,57,2435
338,719,168,46,2352
339,652,186,46,2325
340,640,153,48,2284
341,653,169,39,2352
342,628,173,57,2362
343,705,174,41,2443
344,627,160,56,2396
345,641,159,69,2397
346,640,171,57,2484
347,664,147,52,2364
348,638,165,58,2303
349,647,155,56,2429
350,720,166,60,2347
351,606,152,63,2366
352,656,152,52,2374
353,649,162,39,2471
354,647,154,50,2283
355,667,156,43,2382
356,605,162,52,2247
357,615,165,60,2323
358,644,159,57,2400
359,621,185,44,2354
360,635,148,49,2389
361,642,146,48,2268
362,634,171,41,2321
363,641,162,52,2344
364,628,155,62,2245
365,611,169,53,2316
366,610,144,41,2304
367,593,145,59,2296
368,646,137,57,2339
369,623,135,58,2193
370,566,148,37,2230
371,612,154,39,2237
372,597,139,52,2218
373,602,152,46,2330
374,576,162,65,2211
375,669,167,41,2221
376,589,149,48,2136
377,644,155,38,2247
378,586,143,54,2183
379,606,134,41,2237
380,585,151,46,2055
381,652,137,42,2164
382,576,160,48,2070
383,600,138,61,2151
384,604,169,44,2068
385,633,142,44,1967
386,577,160,47,1891
387,612,158,49,1973
388,530,151,43,2038
389,601,130,57,1956
390,564,140,54,1959
391,562,169,56,1977
392,557,116,44,1892
393,548,135,38,1875
394,551,136,48,1799
395,603,120,47,1823
396,581,141,42,1822
397,583,121,47,1729
398,554,154,50,1797
399,539,141,51,1753
400,574,136,36,1727
401,609,139,49,1656
402,529,156,46,1644
403,545,125,53,1608
404,554,130,41,1636
405,583,133,36,1649
406,567,155,44,1592
407,587,123,60,1534
408,555,148,45,1479
409,575,133,51,1452
410,609,130,38,1518
411,526,145,44,1472
412,554,140,36,1464
413,586,137,48,1411
414,558,145,55,1338
415,583,123,40,1371
416,559,122,44,1324
417,561,150,51,1352
418,510,133,38,1329
419,529,124,47,1332
420,532,135,44,1294
421,538,135,49,1212
422,528,121,46,1168
423,574,145,55,1217
424,554,121,60,1112
425,596,142,33,1155
426,524,126,33,1131
427,564,133,45,1187
428,585,125,44,1118
429,522,111,42,1117
430,533,119,46,1135
431,549,146,42,1069
432,583,124,36,1068
433,547,138,38,1053
434,548,124,46,992
435,553,119,38,986
436,520,137,38,971
437,531,128,41,1063
438,561,136,53,988
439,570,129,50,1010
440,547,125,43,952
441,557,138,48,928
442,516,121,42,928
443,578,124,40,943
444,522,128,33,910
445,522,122,35,891
446,534,117,51,874
447,546,126,41,961
448,538,130,50,897
449,575,123,52,892
450,531,125,44,900
451,554,119,48,868
452,522,117,44,847
453,551,116,55,842
454,515,139,46,843
455,564,120,38,860
456,560,122,48,825
457,548,125,56,854
458,556,127,48,848
459,529,122,56,785
460,527,122,30,800
461,530,117,50,817
462,536,122,37,782
463,568,124,35,795
464,522,127,42,730
465,566,138,38,791
466,553,127,44,763
467,572,119,34,772
468,539,110,38,803
469,531,132,46,756
470,550,94,52,732
471,530,125,44,764
472,549,118,39,772
473,558,133,50,739
474,537,116,53,725
475,544,129,46,730
476,529,126,31,756
477,543,110,57,734
478,542,120,52,699
479,544,129,43,712
480,574,135,47,757
481,525,126,45,771
482,553,139,41,730
483,530,108,30,702
484,542,105,47,713
485,519,102,47,705
486,579,128,36,690
487,561,123,40,766
488,597,116,38,714
489,608,118,52,735
490,556,121,49,706
491,535,118,33,736
492,545,126,32,746
493,563,106,55,760
494,564,104,41,699
495,561,112,38,688
496,544,112,42,731
497,584,126,28,722
498,586,138,37,728
499,581,118,41,745
500,559,109,38,757
501,532,112,28,739
502,562,120,48,731
503,562,119,48,794
504,585,111,43,760
505,621,107,52,787
506,577,118,37,730
507,560,124,26,816
508,619,118,51,793
509,565,105,53,802
510,634,99,34,772
511,580,130,33,827
512,632,119,48,816
513,613,136,41,794
514,522,112,37,894
515,600,133,45,874
516,540,114,39,861
517,553,125,62,907
518,554,122,34,911
519,539,127,38,948
520,546,107,43,955
521,547,112,41,914
522,549,108,46,986
523,566,112,39,1004
524,553,105,35,1050
525,562,125,36,1071
526,529,108,40,1080
527,540,114,40,1209
528,570,127,29,1150
529,545,117,45,1182
530,500,116,36,1250
531,508,137,43,1243
532,509,121,34,1274
533,528,107,34,1411
534,546,120,42,1377
535,526,126,45,1458
536,520,104,28,1566
537,560,114,48,1547
538,493,110,42,1670
539,490,100,49,1711
540,501,115,52,1790
541,535,127,37,1844
542,502,107,43,1849
543,505,88,46,1957
544,492,126,44,2087
545,476,112,31,2127
546,490,127,38,2244
547,474,112,42,2324
548,439,109,49,2433
549,490,105,33,2430
550,462,119,35,2619
551,457,120,42,2677
552,449,121,45,2622
553,446,138,35,2918
554,410,107,39,3100
555,384,112,26,3258
556,403,105,51,3238
557,383,112,40,3364
558,365,111,38,3367
559,444,98,34,3549
560,384,130,44,3710
561,401,128,30,3838
562,365,153,55,3995
563,432,108,39,4205
564,405,98,29,4314
565,378,115,30,4433
566,353,117,28,4580
567,385,122,40,4616
568,317,110,38,4858
569,348,102,42,4896
570,335,106,43,4959
571,298,135,32,5245
572,343,96,35,5411
573,316,127,41,5402
574,301,129,32,5685
575,296,115,44,5759
576,300,126,32,5891
577,314,111,46,6026
578,287,124,47,6177
579,328,105,46,6313
580,305,123,41,6438
581,285,121,36,6664
582,245,109,40,6793
583,282,114,38,6903
584,262,117,53,7056
585,244,105,43,7067
586,258,118,46,7429
587,226,102,36,7539
588,245,110,40,7352
589,244,102,40,7644
590,250,115,40,7786
591,196,118,50,7767
592,242,116,36,8036
593,237,113,33,8129
594,213,118,39,8115
595,200,96,33,8326
596,181,97,42,8144
597,208,132,35,8335
598,199,110,38,8214
599,183,107,42,8540
600,196,130,33,8450
601,193,99,43,8564
602,190,105,37,8419
603,192,136,44,8518
604,164,111,45,8603
605,195,110,34,8573
606,191,116,38,8453
607,185,118,25,8707
608,169,117,34,8564
609,160,116,45,8539
610,172,108,38,8307
611,164,93,37,8625
612,157,118,35,8492
613,159,109,47,8488
614,154,122,42,8330
615,155,114,48,8308
616,168,102,36,8172
617,126,111,35,8194
618,137,130,45,8148
619,128,130,42,8088
620,121,121,37,7898
621,149,94,32,7912
622,138,96,36,7808
623,139,99,35,7709
624,136,125,46,7526
625,121,115,36,7524
626,139,118,45,7216
627,125,87,47,7414
628,133,100,37,6999
629,137,93,32,6935
630,119,118,35,6860
631,130,86,35,6668
632,141,103,40,6559
633,120,98,37,6408
634,110,98,26,6251
635,119,108,39,6084
636,118,101,48,5967
637,108,91,34,5738
638,99,107,45,5793
639,122,99,46,5391
640,99,99,36,5537
641,90,117,49,5287
642,104,121,33,4998
643,113,104,38,4850
644,98,109,34,4714
645,98,118,42,4720
646,99,107,50,4518
647,120,130,46,4419
648,102,101,40,4276
649,111,87,36,4167
650,106,123,34,3978
651,115,116,28,3885
652,107,131,40,3809
653,112,108,43,3641
654,115,98,43,3473
655,131,113,50,3414
656,124,112,42,3261
657,93,97,38,3145
658,116,106,41,2910
659,111,123,42,2933
660,118,105,37,2783
661,127,93,37,2680
662,121,110,38,2595
663,116,97,47,2477
664,101,104,44,2437
665,106,105,41,2376
666,125,127,39,2238
667,123,110,56,2145
668,118,131,32,2055
669,136,120,44,1967
670,124,108,45,1904
671,153,120,25,1782
672,148,112,45,1754
673,144,109,44,1598
674,108,120,42,1693
675,124,111,38,1581
676,142,101,49,1497
677,138,104,44,1471
678,159,108,31,1373
679,134,105,37,1336
680,135,112,59,1220
681,156,125,42,1228
682,146,91,39,1191
683,170,100,35,1211
684,157,124,41,1094
685,153,119,44,1051
686,150,112,50,1016
687,200,91,40,1026
688,173,87,32,933
689,193,104,54,927
690,185,119,38,853
691,218,102,44,875
692,177,126,43,866
693,216,115,34,869
694,209,123,52,815
695,231,112,38,776
696,237,106,38,735
697,224,116,33,739
698,230,117,40,692
699,264,119,38,707
700,286,93,54,721
701,286,113,37,659
702,293,108,29,619
703,290,114,33,655
704,325,127,46,586
705,298,100,47,593
706,337,80,46,599
707,362,96,43,604
708,376,97,50,588
709,361,116,42,577
710,386,119,38,557
711,380,132,37,570
712,384,104,32,520
713,428,117,38,512
714,420,90,38,509
715,452,113,31,517
716,473,110,45,517
717,483,106,42,515
718,513,121,34,480
719,511,115,34,491
720,569,103,39,471
721,599,111,34,510
722,628,106,37,498
723,605,132,39,488
724,605,105,38,489
725,658,104,39,510
726,620,114,31,493
727,703,105,42,480
728,711,107,34,459
729,751,106,28,452
730,784,118,31,450
731,785,121,21,471
732,825,101,36,455
733,895,101,30,470
734,866,110,39,476
735,924,95,43,438
736,890,122,32,416
737,970,132,37,468
738,960,102,30,456
739,993,127,26,411
740,972,103,27,465
741,1044,101,36,443
742,1080,118,38,454
743,1083,101,36,440
744,1135,100,25,391
745,1133,88,27,417
746,1208,118,24,430
747,1174,139,25,467
748,1235,93,24,470
749,1237,117,18,434
750,1344,105,27,401
751,1352,114,25,428
752,1301,113,21,472
753,1352,108,21,466
754,1405,114,19,440
755,1486,125,21,462
756,1464,116,20,415
757,1543,115,30,437
758,1519,95,23,478
759,1510,115,20,401
760,1590,118,16,422
761,1546,111,21,446
762,1537,105,26,430
763,1680,112,25,447
764,1677,135,15,432
765,1647,122,25,451
766,1749,97,19,436
767,1701,112,17,429
768,1743,114,11,415
769,1746,122,20,412
770,1776,96,19,450
771,1860,119,21,421
772,1826,116,8,442
773,1843,116,18,377
774,1856,115,13,456
775,1878,112,13,435
776,1963,112,18,401
777,1854,103,13,436
778,1867,123,12,414
779,1980,107,16,427
780,1865,121,21,439
781,1996,108,15,395
782,1932,111,19,399
783,1832,106,12,450
784,1956,105,15,407
785,1938,107,15,437
786,2017,138,8,411
787,1970,108,12,400
788,1915,110,9,419
789,2018,100,9,449
790,1930,119,21,463
791,1946,115,11,439
792,1908,89,11,393
793,1961,129,6,425
794,1938,106,11,450
795,1864,116,20,437
796,1944,79,16,454
797,1815,120,3,408
798,1839,99,8,441
799,1873,105,10,436
800,1813,104,16,444
801,1776,82,13,435
802,1806,109,9,406
803,1799,120,10,427
804,1752,98,4,415
805,1750,94,5,446
806,1692,126,2,403
807,1759,123,16,413
808,1665,121,16,447
809,1654,118,7,461
810,1558,114,6,448
811,1580,122,8,402
812,1618,87,10,447
813,1539,115,2,443
814,1512,124,6,406
815,1501,116,7,431
816,1536,111,11,412
817,1462,126,10,431
818,1518,114,8,432
819,1326,105,8,403
820,1404,103,7,421
821,1367,104,13,418
822,1319,96,7,471
823,1313,115,5,466
824,1288,123,6,441
825,1228,107,5,433
826,1244,107,9,397
827,1157,115,7,444
828,1167,116,9,443
829,1123,117,7,483
830,1115,118,11,461
831,1034,121,7,436
832,1034,126,5,459
833,991,122,6,439
834,989,96,7,456
835,968,114,12,432
836,897,108,8,442
837,933,109,5,424
838,873,94,8,425
839,837,114,10,444
840,841,106,7,409
841,800,121,10,415
842,744,106,8,450
843,790,109,7,456
844,739,110,6,464
845,644,93,7,442
846,682,119,6,425
847,662,133,3,418
848,597,95,6,457
849,568,117,9,462
850,630,105,8,425
851,555,117,9,442
852,521,134,5,467
853,504,120,13,394
854,487,105,6,450
855,498,107,6,447
856,436,111,8,410
857,459,148,9,445
858,456,126,10,438
859,466,128,12,452
860,362,103,6,469
861,394,104,18,446
862,375,104,9,396
863,366,115,18,439
864,361,111,10,431
865,332,109,16,428
866,298,118,13,422
867,274,114,11,428
868,281,122,13,418
869,253,120,10,472
870,258,120,14,425
871,233,124,14,416
872,239,100,8,449
873,237,122,16,437
874,219,109,18,412
875,193,122,23,485
876,201,98,15,441
877,193,98,18,426
878,202,112,18,387
879,180,104,26,405
880,170,96,18,434
881,164,122,18,458
882,150,111,20,421
883,163,129,13,448
884,127,107,24,397
885,165,103,22,453
886,141,101,13,426
887,144,110,17,431
888,117,106,19,450
889,130,125,30,426
890,116,115,26,410
891,101,130,25,431
892,98,134,27,422
893,97,95,27,428
894,75,107,20,422
895,90,110,38,442
896,78,119,33,413
897,85,104,26,437
898,90,123,29,429
899,76,128,41,442
900,71,114,39,408
901,68,126,34,445
902,83,108,47,417
903,88,123,36,447
904,80,124,34,446
905,55,130,34,427
906,63,100,39,430
907,52,125,37,416
908,57,118,40,406
909,62,114,40,411
910,48,120,54,462
911,54,115,52,400
912,62,100,57,401
913,40,118,39,431
914,61,126,35,442
915,62,132,58,453
916,43,165,54,385
917,57,130,66,425
918,56,109,56,398
919,47,129,48,415
920,46,131,62,424
921,36,133,69,431
922,51,135,69,396
923,43,120,83,414
924,43,97,69,416
925,51,135,75,432
926,39,113,70,437
927,38,107,83,438
928,46,117,68,443
929,41,128,72,397
930,45,123,70,420
931,51,97,73,427
932,47,117,60,406
933,40,134,84,397
934,36,122,60,424
935,26,114,89,432
936,36,141,76,415
937,37,117,88,438
938,43,115,103,439
939,42,134,90,421
940,45,119,97,454
941,44,120,103,420
942,40,122,89,393
943,37,126,96,401
944,32,118,101,398
945,30,156,85,397
946,28,130,100,399
947,29,118,88,423
948,41,126,96,399
949,29,113,100,403
950,29,113,111,433
951,23,121,106,400
952,36,147,96,411
953,38,111,132,416
954,22,125,124,399
955,32,133,109,391
956,38,116,91,397
957,34,129,114,441
958,38,133,126,414
959,38,131,107,435
960,19,121,120,413
961,27,120,105,424
962,38,120,110,408
963,30,129,129,443
964,33,113,109,396
965,28,130,123,411
966,32,130,109,416
967,27,133,125,400
968,31,122,141,440
969,21,110,125,389
970,24,126,134,425
971,32,116,125,418
972,26,123,127,412
973,32,140,112,426
974,34,124,112,391
975,37,154,123,410
976,33,124,143,436
977,35,133,124,437
978,42,150,115,459
979,41,144,127,416
980,32,125,114,404
981,24,127,108,407
982,32,141,144,387
983,32,138,127,398
984,25,128,121,429
985,24,143,136,411
986,23,126,134,386
987,30,116,101,399
988,36,146,136,380
989,21,155,108,449
990,30,122,137,403
991,28,138,118,390
992,24,141,110,418
993,23,131,117,413
994,29,132,92,379
995,27,124,100,397
996,24,136,102,400
997,24,100,107,421
998,28,124,112,418
999,29,157,103,428
1000,27,123,84,407
1001,30,146,114,399
1002,33,121,81,401
1003,35,131,87,374
1004,29,136,93,412
1005,31,121,108,415
1006,25,136,97,406
1007,25,143,75,406
1008,32,120,73,398
1009,24,134,104,416
1010,28,151,112,391
1011,28,125,98,401
1012,22,124,85,425
1013,24,136,68,473
1014,28,133,95,390
1015,25,129,71,407
1016,27,153,77,385
1017,29,130,68,416
1018,28,134,69,404
1019,33,152,83,374
1020,32,145,81,455
1021,39,141,78,411
1022,25,130,64,401
1023,25,140,68,410
1024,26,123,39,402
1025,20,112,60,434
1026,23,127,53,393
1027,27,134,72,405
1028,21,127,56,404
1029,24,124,57,393
1030,27,123,53,401
1031,27,150,66,439
1032,32,138,43,399
1033,25,133,39,439
1034,25,129,50,383
1035,30,142,46,438
1036,20,151,36,381
1037,29,154,49,432
1038,29,137,43,436
1039,29,145,40,425
1040,24,138,33,422
1041,27,135,41,406
1042,33,129,33,415
1043,12,141,36,402
1044,34,122,31,382
1045,31,121,30,395
1046,34,147,38,405
1047,30,132,31,410
1048,26,134,28,397
1049,28,153,28,448
1050,32,137,20,381
1051,26,122,29,402
1052,25,131,26,435
1053,20,133,32,436
1054,21,115,24,404
1055,19,130,20,424
1056,13,136,24,424
1057,26,137,22,451
1058,28,127,19,412
1059,22,134,16,387
1060,26,139,15,391
1061,24,133,16,390
1062,16,126,8,428
1063,23,133,20,462
1064,24,131,19,405
1065,21,135,15,403
1066,26,121,14,448
1067,25,149,11,412
1068,15,120,13,412
1069,15,162,13,408
1070,33,124,10,406
1071,21,126,15,432
1072,22,118,7,403
1073,16,128,12,419
1074,27,116,11,401
1075,25,119,8,439
1076,24,138,12,415
1077,26,136,6,434
1078,32,124,5,424
1079,17,131,11,420
1080,21,130,8,414
1081,18,114,9,391
1082,23,118,14,427
1083,29,136,10,430
1084,28,147,4,432
1085,23,142,8,417
1086,23,138,5,410
1087,21,112,9,422
1088,25,120,5,413
1089,21,149,3,394
1090,21,123,6,431
1091,22,127,3,423
1092,15,128,3,414
1093,27,117,2,431
1094,17,123,6,432
1095,16,122,3,452
1096,19,94,2,418
1097,29,126,2,435
1098,26,122,5,481
1099,15,105,3,431
1100,22,131,0,440
1101,14,122,4,421
1102,29,112,3,412
1103,19,110,4,460
1104,19,120,2,405
1105,14,103,3,460
1106,18,113,0,440
1107,17,119,1,429
1108,13,103,1,454
1109,19,113,2,457
1110,22,113,2,460
1111,23,97,1,443
1112,15,100,0,432
1113,21,105,4,437
1114,14,108,2,479
1115,23,122,2,445
1116,20,100,2,401
1117,19,111,4,426
1118,28,98,2,445
1119,18,129,1,421
1120,19,101,0,436
1121,15,125,0,465
1122,19,98,1,410
1123,19,110,2,461
1124,14,109,2,423
1125,17,96,1,430
1126,19,101,2,435
1127,20,118,1,476
1128,12,100,0,443
1129,17,109,1,461
1130,14,109,1,470
1131,13,100,1,467
1132,17,95,2,489
1133,22,118,0,457
1134,15,107,0,468
1135,13,94,1,466
1136,20,92,1,451
1137,17,102,0,466
1138,19,99,0,461
1139,18,99,2,457
1140,12,88,0,463
1141,14,97,0,485
1142,23,91,0,437
1143,12,96,0,447
1144,17,107,1,454
1145,18,104,0,463
1146,14,95,2,467
1147,19,111,1,457
1148,25,87,1,450
1149,16,71,1,461
1150,18,108,0,389
1151,14,86,0,478
1152,18,87,0,461
1153,10,75,3,441
1154,20,77,0,434
1155,12,90,0,425
1156,21,97,0,468
1157,16,91,2,466
1158,16,81,0,422
1159,16,93,0,421
1160,9,78,0,455
1161,19,100,3,426
1162,15,83,1,430
1163,20,100,0,442
1164,12,95,0,440
1165,11,76,0,440
1166,15,103,0,435
1167,18,88,1,441
1168,18,97,0,400
1169,12,103,1,436
1170,17,75,0,446
1171,12,96,1,415
1172,15,83,0,450
1173,16,82,0,410
1174,16,97,0,453
1175,10,93,1,422
1176,16,93,0,424
1177,7,93,1,434
1178,16,106,1,432
1179,15,78,0,431
1180,17,93,0,434
1181,11,76,0,443
1182,10,85,1,469
1183,13,86,0,472
1184,9,90,0,441
1185,13,76,1,465
1186,22,88,1,420
1187,19,90,0,419
1188,11,102,0,422
1189,14,82,0,416
1190,20,84,0,411
1191,18,98,0,442
1192,15,96,0,415
1193,11,90,0,422
1194,8,82,2,415
1195,7,89,0,410
1196,16,83,0,414
1197,10,87,1,380
1198,17,84,0,442
1199,14,78,0,413
1200,13,94,0,384
1201,16,71,1,402
1202,15,88,0,407
1203,14,89,0,421
1204,13,92,0,374
1205,14,96,0,372
1206,13,80,0,361
1207,14,96,0,375
1208,10,73,0,386
1209,12,81,1,385
1210,14,100,1,353
1211,16,69,0,364
1212,17,88,1,379
1213,16,95,1,354
1214,12,86,1,356
1215,12,93,0,382
1216,9,87,0,360
1217,15,82,0,371
1218,10,65,0,355
1219,22,86,0,359
1220,7,80,2,397
1221,11,77,0,348
1222,10,84,0,352
1223,9,107,0,348
1224,13,86,0,334
1225,16,79,1,333
1226,6,69,1,357
1227,13,78,0,346
1228,11,86,0,345
1229,13,87,0,334
1230,15,107,1,299
1231,10,77,0,302
1232,9,103,0,324
1233,8,80,0,331
1234,16,79,0,319
1235,12,95,0,315
1236,12,84,0,328
1237,11,75,0,328
1238,15,74,0,290
1239,8,89,0,279
1240,11,96,0,313
1241,6,90,0,292
1242,5,97,0,313
1243,11,91,0,267
1244,12,78,0,260
1245,13,92,0,300
1246,15,112,0,282
1247,6,101,0,266
1248,11,77,0,299
1249,8,70,1,299
1250,12,93,0,266
1251,7,85,0,254
1252,9,105,0,257
1253,14,89,0,267
1254,12,98,0,257
1255,6,82,0,268
1256,14,100,0,263
1257,9,99,0,258
1258,7,77,0,198
1259,7,98,0,227
1260,12,112,1,232
1261,14,102,0,252
1262,8,97,0,246
1263,7,99,1,249
1264,17,102,0,253
1265,11,99,1,241
1266,10,106,0,242
1267,6,98,0,216
1268,21,93,0,206
1269,7,92,1,229
1270,11,116,2,210
1271,10,114,0,190
1272,7,110,0,223
1273,4,89,0,201
1274,12,118,0,213
1275,11,115,1,206
1276,6,119,0,208
1277,11,112,0,213
1278,11,100,0,190
1279,6,93,0,198
1280,14,109,1,187
1281,6,102,0,178
1282,11,107,0,196
1283,11,115,0,210
1284,12,115,0,195
1285,14,109,0,199
1286,7,121,0,190
1287,7,117,0,168
1288,14,113,0,184
1289,7,137,0,186
1290,3,121,1,189
1291,12,122,1,175
1292,8,104,0,191
1293,10,134,2,184
1294,7,119,0,178
1295,9,146,0,160
1296,6,137,0,200
1297,14,116,0,163
1298,8,130,2,160
1299,9,138,1,156
1300,11,132,0,162
1301,11,139,0,177
1302,8,135,1,174
1303,16,136,0,146
1304,9,138,1,150
1305,13,139,0,156
1306,11,112,1,151
1307,7,140,1,178
1308,14,157,0,137
1309,16,132,0,163
1310,6,139,0,139
1311,5,140,0,145
1312,5,129,2,175
1313,7,119,1,135
1314,9,168,1,164
1315,5,140,0,161
1316,5,150,0,150
1317,12,154,0,160
1318,7,144,1,169
1319,9,156,1,132
1320,7,150,1,157
1321,9,151,1,139
1322,13,163,1,149
1323,8,150,0,145
1324,10,165,0,162
1325,13,156,0,156
1326,13,161,0,143
1327,5,151,1,158
1328,8,150,0,171
1329,11,178,0,156
1330,12,160,0,160
1331,7,153,0,172
1332,8,163,1,167
1333,8,177,1,160
1334,8,155,0,150
1335,7,164,0,171
1336,11,146,0,125
1337,7,159,0,160
1338,10,177,0,158
1339,5,155,0,158
1340,8,157,0,168
1341,10,151,0,157
1342,8,179,1,174
1343,11,179,1,185
1344,13,141,0,181
1345,10,170,0,189
1346,4,154,0,172
1347,8,163,1,168
1348,7,173,1,189
1349,11,166,2,169
1350,3,197,0,186
1351,8,175,0,170
1352,9,177,0,167
1353,11,169,0,189
1354,7,163,0,173
1355,3,169,1,187
1356,4,160,0,203
1357,5,169,0,195
1358,9,163,0,198
1359,4,163,0,202
1360,6,190,1,183
1361,7,157,1,207
1362,6,150,1,204
1363,4,182,1,218
1364,6,162,0,202
1365,5,164,0,191
1366,9,157,0,199
1367,12,170,0,222
1368,7,160,1,190
1369,7,173,1,218
1370,3,171,0,233
1371,4,163,0,244
1372,3,157,0,241
1373,5,154,0,252
1374,8,168,1,256
1375,7,163,0,249
1376,10,188,0,233
1377,8,150,0,257
1378,12,143,0,250
1379,3,154,0,284
1380,11,150,0,252
1381,4,161,0,273
1382,11,135,0,288
1383,3,141,0,285
1384,6,177,1,279
1385,4,148,0,274
1386,6,155,0,292
1387,4,138,1,290
1388,7,147,2,276
1389,10,145,1,280
1390,7,148,0,312
1391,8,162,0,341
1392,3,144,0,289
1393,6,158,0,311
1394,3,149,0,311
1395,4,137,0,348
1396,2,145,1,345
1397,3,133,0,313
1398,7,130,0,348
1399,7,149,0,356
1400,7,150,0,356
1401,10,145,0,360
1402,2,122,0,378
1403,4,128,0,353
1404,9,133,0,333
1405,4,127,1,411
1406,3,121,0,386
1407,6,142,1,389
1408,7,105,0,430
1409,8,155,0,404
1410,6,106,1,409
1411,10,110,0,398
1412,9,103,0,452
1413,10,123,0,450
1414,8,118,0,458
1415,3,95,0,477
1416,4,108,0,439
1417,3,100,0,461
1418,8,123,0,428
1419,7,104,0,461
1420,5,99,0,438
1421,4,123,0,468
1422,2,104,1,520
1423,7,115,0,480
1424,8,101,0,515
1425,5,94,0,500
1426,7,106,0,526
1427,11,99,0,493
1428,5,95,0,505
1429,8,103,0,518
1430,6,103,0,521
1431,8,106,0,525
1432,3,105,0,544
1433,3,109,0,567
1434,8,82,0,573
1435,3,106,0,568
1436,3,80,1,572
1437,4,103,0,618
1438,7,96,0,527
1439,5,86,0,599
1440,2,95,0,567
1441,6,95,0,594
1442,10,71,0,629
1443,3,93,2,592
1444,7,104,0,631
1445,8,94,0,660
1446,8,76,0,678
1447,6,119,0,649
1448,7,73,0,642
1449,10,74,0,659
1450,5,83,1,653
1451,6,87,0,666
1452,8,90,0,679
1453,4,71,0,686
1454,6,94,1,687
1455,2,89,1,702
1456,7,97,0,649
1457,5,93,1,679
1458,4,76,1,749
1459,4,86,0,690
1460,7,95,0,648
1461,7,84,0,731
1462,3,98,0,732
1463,2,92,0,658
1464,8,94,1,680
1465,7,92,0,678
1466,10,82,0,728
1467,8,88,1,714
1468,6,82,0,684
1469,8,101,0,781
1470,4,86,0,762
1471,5,84,2,750
1472,5,89,0,729
1473,4,86,1,778
1474,8,91,1,736
1475,5,88,0,750
1476,3,102,0,744
1477,9,95,0,715
1478,5,113,0,695
1479,3,83,0,772
1480,7,83,0,726
1481,9,98,0,771
1482,6,94,1,745
1483,8,88,0,757
1484,6,93,1,713
1485,10,92,0,794
1486,6,101,1,755
1487,4,103,0,738
1488,5,100,1,757
1489,8,107,0,724
1490,5,102,2,731
1491,11,94,0,752
1492,6,94,0,766
1493,3,92,0,744
1494,10,86,0,719
1495,4,109,0,716
1496,8,109,0,736
1497,7,109,1,732
1498,7,99,0,715
1499,7,126,0,744
1500,8,123,0,733
1501,4,108,0,687
1502,9,109,0,687
1503,9,107,0,724
1504,9,135,0,688
1505,7,124,0,708
1506,5,108,0,695
1507,4,94,0,684
1508,4,95,1,698
1509,9,100,0,671
1510,2,110,0,667
1511,8,105,0,736
1512,5,98,2,666
1513,10,140,0,620
1514,6,108,0,641
1515,5,101,0,645
1516,9,126,0,638
1517,10,113,0,632
1518,8,123,0,653
1519,5,110,2,655
1520,5,121,0,576
1521,5,106,0,592
1522,4,91,1,627
1523,4,131,1,606
1524,4,112,0,547
1525,7,143,0,612
1526,13,118,0,569
1527,5,147,0,568
1528,10,118,0,567
1529,11,109,0,556
1530,8,145,0,552
1531,4,122,0,540
1532,6,115,0,541
1533,3,114,0,510
1534,5,121,0,568
1535,9,142,0,509
1536,10,121,0,486
1537,4,108,1,467
1538,9,132,0,491
1539,9,125,0,485
1540,4,121,0,499
1541,7,115,0,483
1542,3,123,1,481
1543,8,123,1,506
1544,6,133,0,468
1545,13,115,0,446
1546,6,138,0,449
1547,7,114,0,461
1548,9,111,0,466
1549,7,116,1,426
1550,8,111,1,420
1551,7,118,0,405
1552,5,112,0,411
1553,7,125,0,382
1554,4,119,0,409
1555,2,129,0,352
1556,6,107,0,346
1557,3,113,0,376
1558,6,135,1,361
1559,5,112,0,353
1560,3,110,0,345
1561,3,128,0,373
1562,3,97,0,332
1563,4,100,0,338
1564,6,107,0,315
1565,5,108,0,321
1566,5,110,0,324
1567,11,115,0,315
1568,7,117,0,323
1569,3,106,0,295
1570,3,101,0,284
1571,5,129,0,298
1572,5,120,0,274
1573,5,115,0,272
1574,8,88,1,284
1575,6,111,0,243
1576,8,88,0,232
1577,7,111,0,259
1578,2,108,0,253
1579,4,104,0,246
1580,8,107,0,243
1581,7,108,0,220
1582,7,108,1,245
1583,8,83,0,220
1584,6,72,0,219
1585,7,88,0,228
1586,4,99,0,217
1587,6,83,0,211
1588,5,81,1,187
1589,5,79,0,217
1590,6,82,1,196
1591,3,76,0,192
1592,6,89,0,162
1593,2,94,0,189
1594,3,83,0,180
1595,4,82,0,184
1596,4,74,1,169
1597,6,81,0,172
1598,2,79,0,157
1599,5,87,0,165
1600,3,76,0,162
1601,3,74,0,165
1602,3,78,0,182
1603,7,57,0,154
1604,6,69,0,124
1605,1,68,0,154
1606,5,56,0,155
1607,5,47,0,128
1608,5,68,0,134
1609,7,69,0,131
1610,2,63,0,142
1611,3,48,1,118
1612,1,41,0,132
1613,7,72,0,131
1614,6,59,0,116
1615,2,51,1,117
1616,1,52,0,111
1617,3,46,2,116
1618,3,53,0,121
1619,4,72,0,129
1620,2,50,0,108
1621,1,50,1,136
1622,2,59,0,108
1623,2,47,0,112
1624,7,40,0,104
1625,2,60,0,89
1626,2,49,0,96
1627,2,51,0,116
1628,2,41,1,94
1629,1,43,1,105
1630,0,37,0,96
1631,0,51,0,103
1632,1,37,0,100
1633,1,37,0,92
1634,3,33,0,108
1635,3,38,0,86
1636,3,44,0,93
1637,2,32,0,94
1638,2,21,0,94
1639,4,29,0,85
1640,3,24,1,87
1641,1,32,0,81
1642,3,27,0,92
1643,1,34,0,103
1644,3,30,1,104
1645,3,31,0,89
1646,1,31,1,101
1647,1,25,0,98
1648,4,20,0,93
1649,2,25,0,86
1650,1,20,0,63
1651,5,20,0,102
1652,1,27,0,78
1653,1,17,0,76
1654,1,15,0,80
1655,0,17,0,69
1656,7,22,0,74
1657,3,24,0,79
1658,2,21,0,80
1659,1,23,1,72
1660,1,26,0,71
1661,2,22,0,78
1662,1,22,0,67
1663,1,12,0,84
1664,1,9,1,66
1665,0,12,0,90
1666,2,25,0,75
1667,2,17,0,66
1668,0,10,1,79
1669,0,13,0,78
1670,1,25,0,77
1671,0,18,0,70
1672,2,16,0,87
1673,0,10,0,69
1674,0,13,1,80
1675,2,14,0,79
1676,0,11,0,63
1677,2,14,2,55
1678,1,12,0,84
1679,1,11,0,64
1680,1,12,0,82
1681,1,10,0,76
1682,0,19,0,75
1683,1,11,1,87
1684,2,9,1,74
1685,0,17,0,86
1686,2,7,0,82
1687,2,6,0,73
1688,0,10,0,71
1689,1,18,0,79
1690,0,8,0,67
1691,1,10,0,69
1692,1,12,1,76
1693,0,8,0,63
1694,0,14,1,74
1695,1,12,0,65
1696,0,7,0,71
1697,1,12,1,66
1698,1,10,0,79
1699,0,11,0,52
1700,0,7,0,79
1701,3,3,0,66
1702,0,9,0,72
1703,1,10,0,66
1704,1,15,1,68
1705,1,8,1,72
1706,1,6,0,63
1707,0,6,0,80
1708,0,11,0,58
1709,2,7,0,60
1710,1,5,0,57
1711,0,7,0,87
1712,0,5,0,64
1713,1,5,0,89
1714,0,11,0,67
1715,0,6,0,69
1716,1,11,0,78
1717,0,5,0,74
1718,2,8,0,74
1719,1,3,0,70
1720,0,5,0,80
1721,0,8,0,55
1722,1,7,0,57
1723,1,5,0,76
1724,0,7,0,64
1725,0,7,0,72
1726,1,6,0,86
1727,1,1,0,58
1728,0,8,0,63
1729,0,5,0,66
1730,0,2,0,64
1731,0,3,0,70
1732,1,7,0,65
1733,0,8,0,48
1734,0,3,0,55
1735,1,7,0,59
1736,1,9,0,60
1737,1,9,1,77
1738,0,7,0,66
1739,1,3,1,67
1740,0,5,0,76
1741,0,9,0,62
1742,0,4,1,63
1743,0,5,0,58
1744,0,2,0,70
1745,0,3,0,66
1746,0,6,0,53
1747,1,5,0,66
1748,0,4,0,59
1749,1,3,0,69
1750,1,9,0,69
1751,0,5,0,71
1752,1,4,0,60
1753,0,3,0,65
1754,0,9,0,65
1755,0,1,0,80
1756,0,2,0,64
1757,0,6,0,62
1758,0,3,0,62
1759,0,4,0,65
1760,0,4,0,64
1761,1,5,0,78
1762,0,1,0,51
1763,0,2,0,66
1764,0,5,0,50
1765,0,8,0,58
1766,1,6,0,66
1767,1,1,0,68
1768,0,9,0,65
1769,0,3,0,55
1770,0,1,0,67
1771,0,4,0,82
1772,0,4,0,55
1773,1,1,0,62
1774,0,4,0,79
1775,0,4,0,72
1776,0,3,0,55
1777,1,4,0,46
1778,1,4,1,46
1779,0,3,0,48
1780,0,3,0,54
1781,0,5,0,66
1782,0,4,0,64
1783,0,3,0,54
1784,0,3,0,69
1785,1,3,0,67
1786,0,4,0,54
1787,0,1,0,51
1788,0,5,0,55
1789,0,6,0,65
1790,0,3,1,53
1791,0,1,1,66
1792,0,3,0,63
1793,0,5,0,67
1794,1,8,0,58
1795,0,4,0,67
1796,0,4,0,45
1797,0,4,0,44
1798,0,3,0,45
1799,0,2,1,61
1800,0,7,0,57
1801,0,2,0,68
1802,0,1,0,59
1803,0,1,0,64
1804,0,4,0,48
1805,2,3,0,52
1806,0,5,0,53
1807,0,5,0,60
1808,0,4,0,57
1809,0,5,1,67
1810,0,0,0,52
1811,0,6,0,58
1812,0,5,0,58
1813,0,0,0,61
1814,0,0,0,49
1815,0,3,1,53
1816,2,6,0,52
1817,0,5,0,40
1818,1,2,0,47
1819,0,3,0,46
1820,0,6,0,39
1821,0,4,0,48
1822,0,0,0,63
1823,0,2,0,64
1824,0,2,0,49
1825,0,3,0,40
1826,0,5,0,35
1827,0,4,0,51
1828,0,2,0,70
1829,0,5,0,50
1830,0,1,0,68
1831,0,2,0,44
1832,0,3,0,50
1833,0,4,0,52
1834,1,5,0,54
1835,0,1,0,46
1836,0,2,0,43
1837,0,4,0,48
1838,0,4,0,58
1839,0,3,0,55
1840,1,3,0,46
1841,0,7,0,36
1842,0,6,0,51
1843,0,3,0,58
1844,0,2,0,41
1845,0,3,0,42
1846,0,1,0,48
1847,2,3,0,41
1848,0,3,0,52
1849,1,2,0,37
1850,0,4,0,54
1851,1,6,0,60
1852,0,3,0,45
1853,1,4,0,45
1854,0,3,0,53
1855,0,2,0,39
1856,0,2,0,48
1857,0,4,0,36
1858,0,2,0,48
1859,0,2,0,51
1860,0,3,0,34
1861,0,2,0,38
1862,0,4,0,43
1863,0,7,0,41
1864,0,4,0,28
1865,0,1,0,38
1866,0,3,0,27
1867,0,0,0,43
1868,1,3,0,44
1869,0,4,0,38
1870,0,1,0,42
1871,0,2,1,35
1872,0,1,0,43
1873,0,4,0,41
1874,0,0,0,31
1875,0,4,0,27
1876,0,3,0,43
1877,0,4,0,49
1878,0,4,0,33
1879,1,4,0,27
1880,0,3,0,37
1881,0,3,0,45
1882,0,2,0,26
1883,0,0,0,35
1884,0,2,0,39
1885,0,3,0,28
1886,0,2,0,29
1887,0,1,0,35
1888,0,5,0,30
1889,0,5,0,29
1890,0,4,0,35
1891,0,3,0,35
1892,0,6,0,31
1893,0,1,1,38
1894,0,2,0,40
1895,0,1,0,27
1896,0,8,0,38
1897,0,6,0,29
1898,0,0,0,22
1899,0,0,0,40
1900,0,2,0,29
1901,0,4,0,23
1902,0,8,0,20
1903,1,5,0,30
1904,0,1,0,29
1905,1,4,0,30
1906,0,8,0,35
1907,0,0,0,26
1908,0,1,0,31
1909,0,2,0,26
1910,0,1,0,20
1911,0,3,0,37
1912,0,1,0,20
1913,1,5,0,32
1914,0,2,1,22
1915,1,4,0,32
1916,0,2,0,31
1917,1,3,0,20
1918,0,0,0,29
1919,0,4,0,18
1920,0,1,0,25
1921,0,3,0,29
1922,0,2,0,33
1923,0,2,0,19
1924,1,3,0,27
1925,0,4,0,31
1926,0,5,0,21
1927,0,3,0,24
1928,1,2,0,27
1929,0,3,0,30
1930,0,2,0,26
1931,0,2,1,25
1932,0,1,0,18
1933,0,1,1,16
1934,0,3,0,8
1935,0,3,0,24
1936,0,4,0,28
1937,0,1,0,29
1938,0,2,0,22
1939,0,4,0,30
1940,0,1,0,21
1941,0,0,0,29
1942,1,8,0,21
1943,0,1,0,21
1944,0,2,0,31
1945,0,4,0,27
1946,0,3,0,36
1947,0,1,0,23
1948,0,1,0,32
1949,0,2,0,37
1950,0,5,0,21
1951,0,2,0,19
1952,0,3,0,20
1953,0,4,0,19
1954,1,4,0,24
1955,0,4,0,22
1956,0,3,0,25
1957,1,3,0,25
1958,0,6,0,26
1959,0,1,0,25
1960,1,4,0,22
1961,0,4,0,23
1962,0,3,0,19
1963,0,3,0,21
1964,0,2,0,25
1965,1,3,0,23
1966,0,4,0,19
1967,1,4,0,16
1968,0,1,0,21
1969,1,2,1,29
1970,0,2,0,26
1971,0,4,0,32
1972,0,3,0,21
1973,0,2,0,27
1974,0,6,0,20
1975,1,2,0,19
1976,0,1,0,23
1977,0,2,0,30
1978,0,3,0,19
1979,0,3,0,22
1980,0,3,0,27
1981,0,2,0,27
1982,0,3,0,25
1983,0,1,0,21
1984,1,5,0,25
1985,0,3,0,25
1986,0,5,0,21
1987,0,7,0,19
1988,0,3,0,30
1989,0,2,0,26
1990,0,1,0,28
1991,0,4,0,23
1992,0,3,0,29
1993,0,6,0,24
1994,0,3,0,22
1995,0,5,0,27
1996,0,2,0,23
1997,0,5,0,41
1998,0,2,0,23
1999,0,4,0,35
2000,0,4,0,24
2001,0,3,0,24
2002,0,3,0,24
2003,1,5,0,30
2004,0,4,0,36
2005,0,3,0,24
2006,0,0,0,29
2007,0,1,0,34
2008,0,0,0,23
2009,0,0,1,36
2010,0,2,0,24
2011,0,2,0,33
2012,0,3,0,24
2013,0,3,0,35
2014,1,1,0,27
2015,0,3,0,32
2016,0,2,0,43
2017,0,2,0,30
2018,0,2,0,37
2019,0,6,0,30
2020,0,1,0,30
2021,0,1,0,35
2022,1,2,0,33
2023,0,1,0,31
2024,0,4,0,26
2025,0,4,0,32
2026,0,2,0,35
2027,0,4,0,35
2028,0,1,0,48
2029,1,3,0,38
2030,0,4,0,41
2031,0,4,0,38
2032,0,3,0,28
2033,0,2,0,35
2034,0,1,0,33
2035,0,3,0,28
2036,0,1,0,36
2037,0,1,0,41
2038,0,6,0,43
2039,0,3,0,43
2040,0,5,0,29
2041,0,0,0,32
2042,0,1,0,35
2043,0,2,0,41
2044,0,5,0,46
2045,0,6,0,36
2046,0,4,1,33
2047,0,4,1,33
